{
  "recall_at_1": 0.3333333333333333,
  "recall_at_3": 0.40425531914893614,
  "recall_at_5": 0.41134751773049644,
  "recall_at_10": 0.46099290780141844,
  "recall_at_20": 0.46099290780141844,
  "recall_at_50": 0.46099290780141844,
  "recall_at_100": 0.46099290780141844,
  "mrr": 0.3784869976359338,
  "n_queries": 141
}