{
  "recall_at_1": 0.2695035460992908,
  "recall_at_3": 0.6028368794326241,
  "recall_at_5": 0.7021276595744681,
  "recall_at_10": 0.8297872340425532,
  "recall_at_20": 0.8936170212765957,
  "recall_at_50": 0.8936170212765957,
  "recall_at_100": 0.8936170212765957,
  "mrr": 0.466300622151686,
  "n_queries": 141
}