{
  "recall_at_1": 0.1347517730496454,
  "recall_at_3": 0.3829787234042553,
  "recall_at_5": 0.475177304964539,
  "recall_at_10": 0.6808510638297872,
  "recall_at_20": 0.9716312056737588,
  "recall_at_50": 0.9716312056737588,
  "recall_at_100": 0.9716312056737588,
  "mrr": 0.31607639850920927,
  "n_queries": 141
}