{
  "recall_at_1": 0.48936170212765956,
  "recall_at_3": 0.7092198581560284,
  "recall_at_5": 0.7588652482269503,
  "recall_at_10": 0.8723404255319149,
  "recall_at_20": 0.9858156028368794,
  "recall_at_50": 0.9858156028368794,
  "recall_at_100": 0.9858156028368794,
  "mrr": 0.621367934665807,
  "n_queries": 141
}