{
  "recall_at_1": 0.7375886524822695,
  "recall_at_3": 0.8085106382978723,
  "recall_at_5": 0.9148936170212766,
  "recall_at_10": 0.9787234042553191,
  "recall_at_20": 0.9787234042553191,
  "recall_at_50": 0.9787234042553191,
  "recall_at_100": 0.9787234042553191,
  "mrr": 0.8024316109422492,
  "n_queries": 141
}