{
  "recall_at_1": 0.2695035460992908,
  "recall_at_3": 0.41843971631205673,
  "recall_at_5": 0.4326241134751773,
  "recall_at_10": 0.48226950354609927,
  "recall_at_20": 0.5035460992907801,
  "recall_at_50": 0.5035460992907801,
  "recall_at_100": 0.5035460992907801,
  "mrr": 0.3526823452355367,
  "n_queries": 141
}