{
  "recall_at_1": 0.2765957446808511,
  "recall_at_3": 0.6382978723404256,
  "recall_at_5": 0.723404255319149,
  "recall_at_10": 0.8794326241134752,
  "recall_at_20": 0.9716312056737588,
  "recall_at_50": 0.9716312056737588,
  "recall_at_100": 0.9716312056737588,
  "mrr": 0.4827872597897629,
  "n_queries": 141
}