{
  "recall_at_1": 0.24822695035460993,
  "recall_at_3": 0.24822695035460993,
  "recall_at_5": 0.2978723404255319,
  "recall_at_10": 0.2978723404255319,
  "recall_at_20": 0.2978723404255319,
  "recall_at_50": 0.2978723404255319,
  "recall_at_100": 0.2978723404255319,
  "mrr": 0.2581560283687943,
  "n_queries": 141
}