{
  "recall_at_1": 0.3900709219858156,
  "recall_at_3": 0.3900709219858156,
  "recall_at_5": 0.44680851063829785,
  "recall_at_10": 0.44680851063829785,
  "recall_at_20": 0.44680851063829785,
  "recall_at_50": 0.44680851063829785,
  "recall_at_100": 0.44680851063829785,
  "mrr": 0.4014184397163121,
  "n_queries": 141
}