{
  "recall_at_1": 0.2695035460992908,
  "recall_at_3": 0.5815602836879432,
  "recall_at_5": 0.6808510638297872,
  "recall_at_10": 0.8085106382978723,
  "recall_at_20": 0.9432624113475178,
  "recall_at_50": 0.9432624113475178,
  "recall_at_100": 0.9432624113475178,
  "mrr": 0.46038200952155894,
  "n_queries": 141
}