{
  "recall_at_1": 0.6170212765957447,
  "recall_at_3": 0.8014184397163121,
  "recall_at_5": 0.9219858156028369,
  "recall_at_10": 0.9787234042553191,
  "recall_at_20": 0.9787234042553191,
  "recall_at_50": 0.9787234042553191,
  "recall_at_100": 0.9787234042553191,
  "mrr": 0.714913317572892,
  "n_queries": 141
}