{
  "recall_at_1": 0.8156028368794326,
  "recall_at_3": 0.8652482269503546,
  "recall_at_5": 0.8652482269503546,
  "recall_at_10": 0.8652482269503546,
  "recall_at_20": 0.8723404255319149,
  "recall_at_50": 0.8723404255319149,
  "recall_at_100": 0.8723404255319149,
  "mrr": 0.8326968539734497,
  "n_queries": 141
}