{
  "recall_at_1": 0.2978723404255319,
  "recall_at_3": 0.4326241134751773,
  "recall_at_5": 0.4397163120567376,
  "recall_at_10": 0.48936170212765956,
  "recall_at_20": 0.5106382978723404,
  "recall_at_50": 0.5106382978723404,
  "recall_at_100": 0.5106382978723404,
  "mrr": 0.37113808177637964,
  "n_queries": 141
}