{
  "recall_at_1": 0.44680851063829785,
  "recall_at_3": 0.5106382978723404,
  "recall_at_5": 0.624113475177305,
  "recall_at_10": 0.624113475177305,
  "recall_at_20": 0.624113475177305,
  "recall_at_50": 0.624113475177305,
  "recall_at_100": 0.624113475177305,
  "mrr": 0.49846335697399524,
  "n_queries": 141
}