{
  "recall_at_1": 0.12056737588652482,
  "recall_at_3": 0.3971631205673759,
  "recall_at_5": 0.45390070921985815,
  "recall_at_10": 0.6808510638297872,
  "recall_at_20": 0.8439716312056738,
  "recall_at_50": 0.8439716312056738,
  "recall_at_100": 0.8439716312056738,
  "mrr": 0.2982784292670005,
  "n_queries": 141
}