{
  "recall_at_1": 0.624113475177305,
  "recall_at_3": 0.7659574468085106,
  "recall_at_5": 0.8156028368794326,
  "recall_at_10": 0.8156028368794326,
  "recall_at_20": 0.8226950354609929,
  "recall_at_50": 0.8226950354609929,
  "recall_at_100": 0.8226950354609929,
  "mrr": 0.6974532559638943,
  "n_queries": 141
}