{
  "recall_at_1": 0.1702127659574468,
  "recall_at_3": 0.3191489361702128,
  "recall_at_5": 0.3191489361702128,
  "recall_at_10": 0.3191489361702128,
  "recall_at_20": 0.3191489361702128,
  "recall_at_50": 0.3191489361702128,
  "recall_at_100": 0.3191489361702128,
  "mrr": 0.22695035460992907,
  "n_queries": 141
}