{
  "recall_at_1": 0.48936170212765956,
  "recall_at_3": 0.5106382978723404,
  "recall_at_5": 0.5177304964539007,
  "recall_at_10": 0.5177304964539007,
  "recall_at_20": 0.5177304964539007,
  "recall_at_50": 0.5177304964539007,
  "recall_at_100": 0.5177304964539007,
  "mrr": 0.5005910165484633,
  "n_queries": 141
}