{
  "recall_at_1": 0.1702127659574468,
  "recall_at_3": 0.2765957446808511,
  "recall_at_5": 0.28368794326241137,
  "recall_at_10": 0.3333333333333333,
  "recall_at_20": 0.3333333333333333,
  "recall_at_50": 0.3333333333333333,
  "recall_at_100": 0.3333333333333333,
  "mrr": 0.233096926713948,
  "n_queries": 141
}