{
  "recall_at_1": 0.7021276595744681,
  "recall_at_3": 0.8156028368794326,
  "recall_at_5": 0.8156028368794326,
  "recall_at_10": 0.8794326241134752,
  "recall_at_20": 0.8794326241134752,
  "recall_at_50": 0.8794326241134752,
  "recall_at_100": 0.8794326241134752,
  "mrr": 0.7678486997635934,
  "n_queries": 141
}