{
  "recall_at_1": 0.1773049645390071,
  "recall_at_3": 0.1773049645390071,
  "recall_at_5": 0.1773049645390071,
  "recall_at_10": 0.1773049645390071,
  "recall_at_20": 0.1773049645390071,
  "recall_at_50": 0.1773049645390071,
  "recall_at_100": 0.1773049645390071,
  "mrr": 0.1773049645390071,
  "n_queries": 141
}