{
  "recall_at_1": 0.2907801418439716,
  "recall_at_3": 0.6382978723404256,
  "recall_at_5": 0.6950354609929078,
  "recall_at_10": 0.7872340425531915,
  "recall_at_20": 0.8297872340425532,
  "recall_at_50": 0.8297872340425532,
  "recall_at_100": 0.8297872340425532,
  "mrr": 0.475242291199738,
  "n_queries": 141
}