{
  "recall_at_1": 0.07092198581560284,
  "recall_at_3": 0.07092198581560284,
  "recall_at_5": 0.07092198581560284,
  "recall_at_10": 0.18439716312056736,
  "recall_at_20": 0.18439716312056736,
  "recall_at_50": 0.18439716312056736,
  "recall_at_100": 0.18439716312056736,
  "mrr": 0.08983451536643025,
  "n_queries": 141
}