{
  "recall_at_1": 0.6950354609929078,
  "recall_at_3": 0.8297872340425532,
  "recall_at_5": 0.9432624113475178,
  "recall_at_10": 0.9432624113475178,
  "recall_at_20": 0.9432624113475178,
  "recall_at_50": 0.9432624113475178,
  "recall_at_100": 0.9432624113475178,
  "mrr": 0.783096926713948,
  "n_queries": 141
}