{
  "recall_at_1": 0.44680851063829785,
  "recall_at_3": 0.49645390070921985,
  "recall_at_5": 0.5035460992907801,
  "recall_at_10": 0.5035460992907801,
  "recall_at_20": 0.5035460992907801,
  "recall_at_50": 0.5035460992907801,
  "recall_at_100": 0.5035460992907801,
  "mrr": 0.4734042553191489,
  "n_queries": 141
}