{
  "recall_at_1": 0.7588652482269503,
  "recall_at_3": 0.7659574468085106,
  "recall_at_5": 0.8297872340425532,
  "recall_at_10": 0.9361702127659575,
  "recall_at_20": 0.9361702127659575,
  "recall_at_50": 0.9361702127659575,
  "recall_at_100": 0.9361702127659575,
  "mrr": 0.7909574468085107,
  "n_queries": 141
}