{
  "recall_at_1": 0.14893617021276595,
  "recall_at_3": 0.2907801418439716,
  "recall_at_5": 0.36879432624113473,
  "recall_at_10": 0.46808510638297873,
  "recall_at_20": 0.5035460992907801,
  "recall_at_50": 0.5035460992907801,
  "recall_at_100": 0.5035460992907801,
  "mrr": 0.2468079005313048,
  "n_queries": 141
}