{
  "recall_at_1": 0.1276595744680851,
  "recall_at_3": 0.23404255319148937,
  "recall_at_5": 0.24113475177304963,
  "recall_at_10": 0.2978723404255319,
  "recall_at_20": 0.2978723404255319,
  "recall_at_50": 0.2978723404255319,
  "recall_at_100": 0.2978723404255319,
  "mrr": 0.18961780929866037,
  "n_queries": 141
}