{
  "recall_at_1": 0.6950354609929078,
  "recall_at_3": 0.7163120567375887,
  "recall_at_5": 0.8226950354609929,
  "recall_at_10": 0.9787234042553191,
  "recall_at_20": 0.9858156028368794,
  "recall_at_50": 0.9858156028368794,
  "recall_at_100": 0.9858156028368794,
  "mrr": 0.750940253599828,
  "n_queries": 141
}