{
  "recall_at_1": 0.28368794326241137,
  "recall_at_3": 0.425531914893617,
  "recall_at_5": 0.48226950354609927,
  "recall_at_10": 0.48226950354609927,
  "recall_at_20": 0.48226950354609927,
  "recall_at_50": 0.48226950354609927,
  "recall_at_100": 0.48226950354609927,
  "mrr": 0.36595744680851067,
  "n_queries": 141
}