{
  "recall_at_1": 0.5815602836879432,
  "recall_at_3": 0.7375886524822695,
  "recall_at_5": 0.8085106382978723,
  "recall_at_10": 0.9716312056737588,
  "recall_at_20": 0.9716312056737588,
  "recall_at_50": 0.9716312056737588,
  "recall_at_100": 0.9716312056737588,
  "mrr": 0.6743695823483057,
  "n_queries": 141
}