{
  "recall_at_1": 0.1276595744680851,
  "recall_at_3": 0.19148936170212766,
  "recall_at_5": 0.23404255319148937,
  "recall_at_10": 0.3404255319148936,
  "recall_at_20": 0.3404255319148936,
  "recall_at_50": 0.3404255319148936,
  "recall_at_100": 0.3404255319148936,
  "mrr": 0.1879432624113475,
  "n_queries": 141
}