{
  "recall_at_1": 0.6950354609929078,
  "recall_at_3": 0.8156028368794326,
  "recall_at_5": 0.8226950354609929,
  "recall_at_10": 0.9361702127659575,
  "recall_at_20": 0.9361702127659575,
  "recall_at_50": 0.9361702127659575,
  "recall_at_100": 0.9361702127659575,
  "mrr": 0.7645390070921986,
  "n_queries": 141
}