{
  "recall_at_1": 0.12056737588652482,
  "recall_at_3": 0.375886524822695,
  "recall_at_5": 0.3971631205673759,
  "recall_at_10": 0.5319148936170213,
  "recall_at_20": 0.8085106382978723,
  "recall_at_50": 0.8085106382978723,
  "recall_at_100": 0.8085106382978723,
  "mrr": 0.2711077569667254,
  "n_queries": 141
}