{
  "recall_at_1": 0.6170212765957447,
  "recall_at_3": 0.7588652482269503,
  "recall_at_5": 0.8156028368794326,
  "recall_at_10": 0.9787234042553191,
  "recall_at_20": 0.9787234042553191,
  "recall_at_50": 0.9787234042553191,
  "recall_at_100": 0.9787234042553191,
  "mrr": 0.7004925137903861,
  "n_queries": 141
}