{
  "recall_at_1": 0.3120567375886525,
  "recall_at_3": 0.6808510638297872,
  "recall_at_5": 0.7446808510638298,
  "recall_at_10": 0.8581560283687943,
  "recall_at_20": 0.9574468085106383,
  "recall_at_50": 0.9574468085106383,
  "recall_at_100": 0.9574468085106383,
  "mrr": 0.5162659542978693,
  "n_queries": 141
}