{
  "recall_at_1": 0.3049645390070922,
  "recall_at_3": 0.6666666666666666,
  "recall_at_5": 0.75177304964539,
  "recall_at_10": 0.8794326241134752,
  "recall_at_20": 0.9787234042553191,
  "recall_at_50": 0.9787234042553191,
  "recall_at_100": 0.9787234042553191,
  "mrr": 0.5121817423757349,
  "n_queries": 141
}