{
  "recall_at_1": 0.24822695035460993,
  "recall_at_3": 0.5602836879432624,
  "recall_at_5": 0.6170212765957447,
  "recall_at_10": 0.7304964539007093,
  "recall_at_20": 0.75177304964539,
  "recall_at_50": 0.75177304964539,
  "recall_at_100": 0.75177304964539,
  "mrr": 0.4220406129354815,
  "n_queries": 141
}