{
  "recall_at_1": 0.12056737588652482,
  "recall_at_3": 0.3829787234042553,
  "recall_at_5": 0.3900709219858156,
  "recall_at_10": 0.5460992907801419,
  "recall_at_20": 0.7659574468085106,
  "recall_at_50": 0.7659574468085106,
  "recall_at_100": 0.7659574468085106,
  "mrr": 0.27443597171381906,
  "n_queries": 141
}