{
  "recall_at_1": 0.28368794326241137,
  "recall_at_3": 0.36879432624113473,
  "recall_at_5": 0.48936170212765956,
  "recall_at_10": 0.48936170212765956,
  "recall_at_20": 0.48936170212765956,
  "recall_at_50": 0.48936170212765956,
  "recall_at_100": 0.48936170212765956,
  "mrr": 0.3442080378250591,
  "n_queries": 141
}