{
  "recall_at_1": 0.2553191489361702,
  "recall_at_3": 0.5957446808510638,
  "recall_at_5": 0.624113475177305,
  "recall_at_10": 0.7659574468085106,
  "recall_at_20": 0.8156028368794326,
  "recall_at_50": 0.8156028368794326,
  "recall_at_100": 0.8156028368794326,
  "mrr": 0.43807123322142094,
  "n_queries": 141
}