{
  "recall_at_1": 0.23404255319148937,
  "recall_at_3": 0.5815602836879432,
  "recall_at_5": 0.6312056737588653,
  "recall_at_10": 0.7304964539007093,
  "recall_at_20": 0.7872340425531915,
  "recall_at_50": 0.7872340425531915,
  "recall_at_100": 0.7872340425531915,
  "mrr": 0.42047693244501755,
  "n_queries": 141
}