{
  "recall_at_1": 0.16312056737588654,
  "recall_at_3": 0.20567375886524822,
  "recall_at_5": 0.20567375886524822,
  "recall_at_10": 0.20567375886524822,
  "recall_at_20": 0.20567375886524822,
  "recall_at_50": 0.20567375886524822,
  "recall_at_100": 0.20567375886524822,
  "mrr": 0.18439716312056736,
  "n_queries": 141
}