{
  "recall_at_1": 0.11347517730496454,
  "recall_at_3": 0.3262411347517731,
  "recall_at_5": 0.3262411347517731,
  "recall_at_10": 0.3262411347517731,
  "recall_at_20": 0.3262411347517731,
  "recall_at_50": 0.3262411347517731,
  "recall_at_100": 0.3262411347517731,
  "mrr": 0.20212765957446807,
  "n_queries": 141
}