{
  "recall_at_1": 0.3120567375886525,
  "recall_at_3": 0.44680851063829785,
  "recall_at_5": 0.46099290780141844,
  "recall_at_10": 0.5035460992907801,
  "recall_at_20": 0.524822695035461,
  "recall_at_50": 0.524822695035461,
  "recall_at_100": 0.524822695035461,
  "mrr": 0.38674511068128087,
  "n_queries": 141
}