{
  "recall_at_1": 0.28368794326241137,
  "recall_at_3": 0.4326241134751773,
  "recall_at_5": 0.49645390070921985,
  "recall_at_10": 0.49645390070921985,
  "recall_at_20": 0.49645390070921985,
  "recall_at_50": 0.49645390070921985,
  "recall_at_100": 0.49645390070921985,
  "mrr": 0.373758865248227,
  "n_queries": 141
}