{
  "recall_at_1": 0.3049645390070922,
  "recall_at_3": 0.4326241134751773,
  "recall_at_5": 0.46808510638297873,
  "recall_at_10": 0.5035460992907801,
  "recall_at_20": 0.5177304964539007,
  "recall_at_50": 0.5177304964539007,
  "recall_at_100": 0.5177304964539007,
  "mrr": 0.3786535568450462,
  "n_queries": 141
}