{
  "recall_at_1": 0.22695035460992907,
  "recall_at_3": 0.5531914893617021,
  "recall_at_5": 0.6028368794326241,
  "recall_at_10": 0.7021276595744681,
  "recall_at_20": 0.7588652482269503,
  "recall_at_50": 0.7588652482269503,
  "recall_at_100": 0.7588652482269503,
  "mrr": 0.40883104287359606,
  "n_queries": 141
}