{
  "recall_at_1": 0.44680851063829785,
  "recall_at_3": 0.5177304964539007,
  "recall_at_5": 0.5177304964539007,
  "recall_at_10": 0.5177304964539007,
  "recall_at_20": 0.5177304964539007,
  "recall_at_50": 0.5177304964539007,
  "recall_at_100": 0.5177304964539007,
  "mrr": 0.4799054373522459,
  "n_queries": 141
}