{
  "recall_at_1": 0.5957446808510638,
  "recall_at_3": 0.7092198581560284,
  "recall_at_5": 0.8156028368794326,
  "recall_at_10": 0.8156028368794326,
  "recall_at_20": 0.8226950354609929,
  "recall_at_50": 0.8226950354609929,
  "recall_at_100": 0.8226950354609929,
  "mrr": 0.6646572104018913,
  "n_queries": 141
}