{
  "recall_at_1": 0.41843971631205673,
  "recall_at_3": 0.475177304964539,
  "recall_at_5": 0.48226950354609927,
  "recall_at_10": 0.48226950354609927,
  "recall_at_20": 0.48226950354609927,
  "recall_at_50": 0.48226950354609927,
  "recall_at_100": 0.48226950354609927,
  "mrr": 0.44858156028368795,
  "n_queries": 141
}