{
  "recall_at_1": 0.8085106382978723,
  "recall_at_3": 0.8652482269503546,
  "recall_at_5": 0.8652482269503546,
  "recall_at_10": 0.8723404255319149,
  "recall_at_20": 0.8723404255319149,
  "recall_at_50": 0.8723404255319149,
  "recall_at_100": 0.8723404255319149,
  "mrr": 0.8380614657210402,
  "n_queries": 141
}