{
  "recall_at_1": 0.3262411347517731,
  "recall_at_3": 0.6666666666666666,
  "recall_at_5": 0.75177304964539,
  "recall_at_10": 0.8936170212765957,
  "recall_at_20": 0.9787234042553191,
  "recall_at_50": 0.9787234042553191,
  "recall_at_100": 0.9787234042553191,
  "mrr": 0.5204832528987723,
  "n_queries": 141
}