{
  "recall_at_1": 0.28368794326241137,
  "recall_at_3": 0.4326241134751773,
  "recall_at_5": 0.4397163120567376,
  "recall_at_10": 0.48936170212765956,
  "recall_at_20": 0.48936170212765956,
  "recall_at_50": 0.48936170212765956,
  "recall_at_100": 0.48936170212765956,
  "mrr": 0.35602836879432626,
  "n_queries": 141
}