{
  "recall_at_1": 0.2765957446808511,
  "recall_at_3": 0.6382978723404256,
  "recall_at_5": 0.7163120567375887,
  "recall_at_10": 0.8297872340425532,
  "recall_at_20": 0.9219858156028369,
  "recall_at_50": 0.9219858156028369,
  "recall_at_100": 0.9219858156028369,
  "mrr": 0.4834378781187291,
  "n_queries": 141
}