{
  "recall_at_1": 0.2127659574468085,
  "recall_at_3": 0.2127659574468085,
  "recall_at_5": 0.2127659574468085,
  "recall_at_10": 0.2127659574468085,
  "recall_at_20": 0.2127659574468085,
  "recall_at_50": 0.2127659574468085,
  "recall_at_100": 0.2127659574468085,
  "mrr": 0.2127659574468085,
  "n_queries": 141
}