{
  "recall_at_1": 0.8652482269503546,
  "recall_at_3": 0.8652482269503546,
  "recall_at_5": 0.8794326241134752,
  "recall_at_10": 0.8794326241134752,
  "recall_at_20": 0.8794326241134752,
  "recall_at_50": 0.8794326241134752,
  "recall_at_100": 0.8794326241134752,
  "mrr": 0.8684397163120567,
  "n_queries": 141
}