{
  "recall_at_1": 0.75177304964539,
  "recall_at_3": 0.7588652482269503,
  "recall_at_5": 0.7588652482269503,
  "recall_at_10": 0.8226950354609929,
  "recall_at_20": 0.8226950354609929,
  "recall_at_50": 0.8226950354609929,
  "recall_at_100": 0.8226950354609929,
  "mrr": 0.7639873916469662,
  "n_queries": 141
}