{
  "recall_at_1": 0.375886524822695,
  "recall_at_3": 0.49645390070921985,
  "recall_at_5": 0.6099290780141844,
  "recall_at_10": 0.6170212765957447,
  "recall_at_20": 0.6170212765957447,
  "recall_at_50": 0.6170212765957447,
  "recall_at_100": 0.6170212765957447,
  "mrr": 0.4545592705167173,
  "n_queries": 141
}