{
  "recall_at_1": 0.7304964539007093,
  "recall_at_3": 0.8014184397163121,
  "recall_at_5": 0.8156028368794326,
  "recall_at_10": 0.9787234042553191,
  "recall_at_20": 0.9787234042553191,
  "recall_at_50": 0.9787234042553191,
  "recall_at_100": 0.9787234042553191,
  "mrr": 0.791903073286052,
  "n_queries": 141
}