{
  "recall_at_1": 0.6382978723404256,
  "recall_at_3": 0.7092198581560284,
  "recall_at_5": 0.7730496453900709,
  "recall_at_10": 0.9787234042553191,
  "recall_at_20": 0.9787234042553191,
  "recall_at_50": 0.9787234042553191,
  "recall_at_100": 0.9787234042553191,
  "mrr": 0.712431048069346,
  "n_queries": 141
}