{
  "recall_at_1": 0.2695035460992908,
  "recall_at_3": 0.6099290780141844,
  "recall_at_5": 0.6737588652482269,
  "recall_at_10": 0.7446808510638298,
  "recall_at_20": 0.7659574468085106,
  "recall_at_50": 0.7659574468085106,
  "recall_at_100": 0.7659574468085106,
  "mrr": 0.4542299898682878,
  "n_queries": 141
}