{
  "recall_at_1": 0.6666666666666666,
  "recall_at_3": 0.7588652482269503,
  "recall_at_5": 0.7588652482269503,
  "recall_at_10": 0.7659574468085106,
  "recall_at_20": 0.7659574468085106,
  "recall_at_50": 0.7659574468085106,
  "recall_at_100": 0.7659574468085106,
  "mrr": 0.7135539795114263,
  "n_queries": 141
}