{
  "recall_at_1": 0.7304964539007093,
  "recall_at_3": 0.8156028368794326,
  "recall_at_5": 0.8794326241134752,
  "recall_at_10": 0.9858156028368794,
  "recall_at_20": 0.9858156028368794,
  "recall_at_50": 0.9858156028368794,
  "recall_at_100": 0.9858156028368794,
  "mrr": 0.8011229314420804,
  "n_queries": 141
}