{
  "recall_at_1": 0.475177304964539,
  "recall_at_3": 0.6808510638297872,
  "recall_at_5": 0.7304964539007093,
  "recall_at_10": 0.7375886524822695,
  "recall_at_20": 0.7375886524822695,
  "recall_at_50": 0.7375886524822695,
  "recall_at_100": 0.7375886524822695,
  "mrr": 0.5797872340425532,
  "n_queries": 141
}