{
  "recall_at_1": 0.6170212765957447,
  "recall_at_3": 0.7659574468085106,
  "recall_at_5": 0.8085106382978723,
  "recall_at_10": 0.9645390070921985,
  "recall_at_20": 0.9716312056737588,
  "recall_at_50": 0.9716312056737588,
  "recall_at_100": 0.9716312056737588,
  "mrr": 0.7089780786589297,
  "n_queries": 141
}