{
  "recall_at_1": 0.6950354609929078,
  "recall_at_3": 0.7092198581560284,
  "recall_at_5": 0.7730496453900709,
  "recall_at_10": 0.8156028368794326,
  "recall_at_20": 0.8156028368794326,
  "recall_at_50": 0.8156028368794326,
  "recall_at_100": 0.8156028368794326,
  "mrr": 0.7241641337386019,
  "n_queries": 141
}