{
  "recall_at_1": 0.7375886524822695,
  "recall_at_3": 0.8652482269503546,
  "recall_at_5": 0.9787234042553191,
  "recall_at_10": 0.9787234042553191,
  "recall_at_20": 0.9787234042553191,
  "recall_at_50": 0.9787234042553191,
  "recall_at_100": 0.9787234042553191,
  "mrr": 0.8241134751773049,
  "n_queries": 141
}