{
  "recall_at_1": 0.7375886524822695,
  "recall_at_3": 0.75177304964539,
  "recall_at_5": 0.75177304964539,
  "recall_at_10": 0.7588652482269503,
  "recall_at_20": 0.7588652482269503,
  "recall_at_50": 0.7588652482269503,
  "recall_at_100": 0.7588652482269503,
  "mrr": 0.7458628841607565,
  "n_queries": 141
}