{
  "recall_at_1": 0.3900709219858156,
  "recall_at_3": 0.524822695035461,
  "recall_at_5": 0.5319148936170213,
  "recall_at_10": 0.5319148936170213,
  "recall_at_20": 0.5319148936170213,
  "recall_at_50": 0.5319148936170213,
  "recall_at_100": 0.5319148936170213,
  "mrr": 0.4592198581560284,
  "n_queries": 141
}