{
  "recall_at_1": 0.2907801418439716,
  "recall_at_3": 0.6099290780141844,
  "recall_at_5": 0.6808510638297872,
  "recall_at_10": 0.7659574468085106,
  "recall_at_20": 0.7801418439716312,
  "recall_at_50": 0.7801418439716312,
  "recall_at_100": 0.7801418439716312,
  "mrr": 0.46765235645085457,
  "n_queries": 141
}