{
  "recall_at_1": 0.7375886524822695,
  "recall_at_3": 0.8085106382978723,
  "recall_at_5": 0.8156028368794326,
  "recall_at_10": 0.8652482269503546,
  "recall_at_20": 0.8652482269503546,
  "recall_at_50": 0.8652482269503546,
  "recall_at_100": 0.8652482269503546,
  "mrr": 0.783096926713948,
  "n_queries": 141
}