{
  "recall_at_1": 0.3049645390070922,
  "recall_at_3": 0.45390070921985815,
  "recall_at_5": 0.45390070921985815,
  "recall_at_10": 0.5106382978723404,
  "recall_at_20": 0.5106382978723404,
  "recall_at_50": 0.5106382978723404,
  "recall_at_100": 0.5106382978723404,
  "mrr": 0.3768996960486322,
  "n_queries": 141
}