{
  "recall_at_1": 0.3120567375886525,
  "recall_at_3": 0.6595744680851063,
  "recall_at_5": 0.7659574468085106,
  "recall_at_10": 0.8581560283687943,
  "recall_at_20": 0.9148936170212766,
  "recall_at_50": 0.9148936170212766,
  "recall_at_100": 0.9148936170212766,
  "mrr": 0.5059623099516716,
  "n_queries": 141
}