{
  "recall_at_1": 0.7304964539007093,
  "recall_at_3": 0.8085106382978723,
  "recall_at_5": 0.8581560283687943,
  "recall_at_10": 0.9716312056737588,
  "recall_at_20": 0.9716312056737588,
  "recall_at_50": 0.9716312056737588,
  "recall_at_100": 0.9716312056737588,
  "mrr": 0.796225937183384,
  "n_queries": 141
}