{
  "recall_at_1": 0.09929078014184398,
  "recall_at_3": 0.16312056737588654,
  "recall_at_5": 0.16312056737588654,
  "recall_at_10": 0.16312056737588654,
  "recall_at_20": 0.16312056737588654,
  "recall_at_50": 0.16312056737588654,
  "recall_at_100": 0.16312056737588654,
  "mrr": 0.12056737588652482,
  "n_queries": 141
}