{
  "recall_at_1": 0.2765957446808511,
  "recall_at_3": 0.6170212765957447,
  "recall_at_5": 0.6666666666666666,
  "recall_at_10": 0.7304964539007093,
  "recall_at_20": 0.7801418439716312,
  "recall_at_50": 0.7801418439716312,
  "recall_at_100": 0.7801418439716312,
  "mrr": 0.4564664314038532,
  "n_queries": 141
}