{
  "recall_at_1": 0.14893617021276595,
  "recall_at_3": 0.14893617021276595,
  "recall_at_5": 0.14893617021276595,
  "recall_at_10": 0.14893617021276595,
  "recall_at_20": 0.14893617021276595,
  "recall_at_50": 0.14893617021276595,
  "recall_at_100": 0.14893617021276595,
  "mrr": 0.14893617021276595,
  "n_queries": 141
}