{
  "recall_at_1": 0.6950354609929078,
  "recall_at_3": 0.7659574468085106,
  "recall_at_5": 0.8085106382978723,
  "recall_at_10": 0.8085106382978723,
  "recall_at_20": 0.8156028368794326,
  "recall_at_50": 0.8156028368794326,
  "recall_at_100": 0.8156028368794326,
  "mrr": 0.7310874704491725,
  "n_queries": 141
}