{
  "recall_at_1": 0.6312056737588653,
  "recall_at_3": 0.7092198581560284,
  "recall_at_5": 0.7730496453900709,
  "recall_at_10": 0.8226950354609929,
  "recall_at_20": 0.8226950354609929,
  "recall_at_50": 0.8226950354609929,
  "recall_at_100": 0.8226950354609929,
  "mrr": 0.689775413711584,
  "n_queries": 141
}