{
  "recall_at_1": 0.624113475177305,
  "recall_at_3": 0.7021276595744681,
  "recall_at_5": 0.8085106382978723,
  "recall_at_10": 0.8156028368794326,
  "recall_at_20": 0.8156028368794326,
  "recall_at_50": 0.8156028368794326,
  "recall_at_100": 0.8156028368794326,
  "mrr": 0.6907294832826747,
  "n_queries": 141
}