{
  "recall_at_1": 0.7092198581560284,
  "recall_at_3": 0.8085106382978723,
  "recall_at_5": 0.9148936170212766,
  "recall_at_10": 0.9645390070921985,
  "recall_at_20": 0.9645390070921985,
  "recall_at_50": 0.9645390070921985,
  "recall_at_100": 0.9645390070921985,
  "mrr": 0.7851654846335697,
  "n_queries": 141
}