{
  "recall_at_1": 0.6312056737588653,
  "recall_at_3": 0.8156028368794326,
  "recall_at_5": 0.8156028368794326,
  "recall_at_10": 0.8723404255319149,
  "recall_at_20": 0.8723404255319149,
  "recall_at_50": 0.8723404255319149,
  "recall_at_100": 0.8723404255319149,
  "mrr": 0.724290780141844,
  "n_queries": 141
}