{
  "recall_at_1": 0.09219858156028368,
  "recall_at_3": 0.19858156028368795,
  "recall_at_5": 0.24822695035460993,
  "recall_at_10": 0.3546099290780142,
  "recall_at_20": 0.3546099290780142,
  "recall_at_50": 0.3546099290780142,
  "recall_at_100": 0.3546099290780142,
  "mrr": 0.15278622087132723,
  "n_queries": 141
}