{
  "recall_at_1": 0.3617021276595745,
  "recall_at_3": 0.4326241134751773,
  "recall_at_5": 0.4326241134751773,
  "recall_at_10": 0.48936170212765956,
  "recall_at_20": 0.48936170212765956,
  "recall_at_50": 0.48936170212765956,
  "recall_at_100": 0.48936170212765956,
  "mrr": 0.39581222559945967,
  "n_queries": 141
}