{
  "recall_at_1": 0.6595744680851063,
  "recall_at_3": 0.7375886524822695,
  "recall_at_5": 0.7446808510638298,
  "recall_at_10": 0.9716312056737588,
  "recall_at_20": 0.9787234042553191,
  "recall_at_50": 0.9929078014184397,
  "recall_at_100": 1.0,
  "mrr": 0.7233393201804283,
  "n_queries": 141
}