{
  "recall_at_1": 0.02127659574468085,
  "recall_at_3": 0.03546099290780142,
  "recall_at_5": 0.03546099290780142,
  "recall_at_10": 0.14184397163120568,
  "recall_at_20": 0.3333333333333333,
  "recall_at_50": 0.5886524822695035,
  "recall_at_100": 0.8794326241134752,
  "mrr": 0.06737658210236341,
  "n_queries": 141
}