{
  "recall_at_1": 0.6312056737588653,
  "recall_at_3": 0.7375886524822695,
  "recall_at_5": 0.8156028368794326,
  "recall_at_10": 0.9716312056737588,
  "recall_at_20": 0.9787234042553191,
  "recall_at_50": 0.9858156028368794,
  "recall_at_100": 1.0,
  "mrr": 0.7146575203756055,
  "n_queries": 141
}