{
  "recall_at_1": 0.2624113475177305,
  "recall_at_3": 0.40425531914893614,
  "recall_at_5": 0.41843971631205673,
  "recall_at_10": 0.6170212765957447,
  "recall_at_20": 0.8156028368794326,
  "recall_at_50": 0.9858156028368794,
  "recall_at_100": 1.0,
  "mrr": 0.38536013159590055,
  "n_queries": 141
}