{
  "recall_at_1": 0.07092198581560284,
  "recall_at_3": 0.07092198581560284,
  "recall_at_5": 0.16312056737588654,
  "recall_at_10": 0.28368794326241137,
  "recall_at_20": 0.48226950354609927,
  "recall_at_50": 0.7375886524822695,
  "recall_at_100": 0.8936170212765957,
  "mrr": 0.13425054310767706,
  "n_queries": 141
}