{
  "recall_at_1": 0.0851063829787234,
  "recall_at_3": 0.3333333333333333,
  "recall_at_5": 0.4397163120567376,
  "recall_at_10": 0.6028368794326241,
  "recall_at_20": 0.8297872340425532,
  "recall_at_50": 0.9716312056737588,
  "recall_at_100": 1.0,
  "mrr": 0.26158879155181985,
  "n_queries": 141
}