{
  "recall_at_1": 0.2765957446808511,
  "recall_at_3": 0.41134751773049644,
  "recall_at_5": 0.5460992907801419,
  "recall_at_10": 0.7588652482269503,
  "recall_at_20": 0.8226950354609929,
  "recall_at_50": 0.8794326241134752,
  "recall_at_100": 1.0,
  "mrr": 0.4071184387560488,
  "n_queries": 141
}