{
  "recall_at_1": 0.014184397163120567,
  "recall_at_3": 0.03546099290780142,
  "recall_at_5": 0.03546099290780142,
  "recall_at_10": 0.07092198581560284,
  "recall_at_20": 0.18439716312056736,
  "recall_at_50": 0.46808510638297873,
  "recall_at_100": 0.9361702127659575,
  "mrr": 0.055706811293987316,
  "n_queries": 141
}