{
  "recall_at_1": 0.6099290780141844,
  "recall_at_3": 0.8014184397163121,
  "recall_at_5": 0.8581560283687943,
  "recall_at_10": 0.8723404255319149,
  "recall_at_20": 0.9787234042553191,
  "recall_at_50": 0.9929078014184397,
  "recall_at_100": 0.9929078014184397,
  "mrr": 0.717813777246621,
  "n_queries": 141
}