{
  "recall_at_1": 0.6312056737588653,
  "recall_at_3": 0.7730496453900709,
  "recall_at_5": 0.8581560283687943,
  "recall_at_10": 0.9645390070921985,
  "recall_at_20": 0.9716312056737588,
  "recall_at_50": 0.9929078014184397,
  "recall_at_100": 1.0,
  "mrr": 0.720050383669879,
  "n_queries": 141
}