{
  "recall_at_1": 0.2978723404255319,
  "recall_at_3": 0.46099290780141844,
  "recall_at_5": 0.6028368794326241,
  "recall_at_10": 0.6950354609929078,
  "recall_at_20": 0.8156028368794326,
  "recall_at_50": 0.9929078014184397,
  "recall_at_100": 1.0,
  "mrr": 0.4217453120981922,
  "n_queries": 141
}