{
  "recall_at_1": 0.6099290780141844,
  "recall_at_3": 0.6312056737588653,
  "recall_at_5": 0.7304964539007093,
  "recall_at_10": 0.9078014184397163,
  "recall_at_20": 0.9787234042553191,
  "recall_at_50": 0.9787234042553191,
  "recall_at_100": 1.0,
  "mrr": 0.6690232598925488,
  "n_queries": 141
}