{
  "recall_at_1": 0.07092198581560284,
  "recall_at_3": 0.1276595744680851,
  "recall_at_5": 0.1702127659574468,
  "recall_at_10": 0.3829787234042553,
  "recall_at_20": 0.46808510638297873,
  "recall_at_50": 0.7375886524822695,
  "recall_at_100": 0.8865248226950354,
  "mrr": 0.14273794540608997,
  "n_queries": 141
}