{
  "recall_at_1": 0.375886524822695,
  "recall_at_3": 0.5602836879432624,
  "recall_at_5": 0.6312056737588653,
  "recall_at_10": 0.7163120567375887,
  "recall_at_20": 0.8723404255319149,
  "recall_at_50": 0.9929078014184397,
  "recall_at_100": 1.0,
  "mrr": 0.5028780346613252,
  "n_queries": 141
}