{
  "recall_at_1": 0.46808510638297873,
  "recall_at_3": 0.6382978723404256,
  "recall_at_5": 0.7163120567375887,
  "recall_at_10": 0.8297872340425532,
  "recall_at_20": 0.8794326241134752,
  "recall_at_50": 0.9929078014184397,
  "recall_at_100": 1.0,
  "mrr": 0.5904552112620586,
  "n_queries": 141
}