{
  "recall_at_1": 0.014184397163120567,
  "recall_at_3": 0.03546099290780142,
  "recall_at_5": 0.06382978723404255,
  "recall_at_10": 0.0851063829787234,
  "recall_at_20": 0.3191489361702128,
  "recall_at_50": 0.5106382978723404,
  "recall_at_100": 0.8794326241134752,
  "mrr": 0.05986602874743956,
  "n_queries": 141
}