{
  "recall_at_1": 0.0425531914893617,
  "recall_at_3": 0.1276595744680851,
  "recall_at_5": 0.4326241134751773,
  "recall_at_10": 0.723404255319149,
  "recall_at_20": 0.8226950354609929,
  "recall_at_50": 0.8865248226950354,
  "recall_at_100": 1.0,
  "mrr": 0.19774437682811052,
  "n_queries": 141
}