{
  "recall_at_1": 0.0851063829787234,
  "recall_at_3": 0.3262411347517731,
  "recall_at_5": 0.45390070921985815,
  "recall_at_10": 0.5815602836879432,
  "recall_at_20": 0.8085106382978723,
  "recall_at_50": 0.9645390070921985,
  "recall_at_100": 1.0,
  "mrr": 0.25722540415395684,
  "n_queries": 141
}