{
  "recall_at_1": 0.28368794326241137,
  "recall_at_3": 0.46099290780141844,
  "recall_at_5": 0.5602836879432624,
  "recall_at_10": 0.851063829787234,
  "recall_at_20": 0.9929078014184397,
  "recall_at_50": 1.0,
  "recall_at_100": 1.0,
  "mrr": 0.431073368418742,
  "n_queries": 141
}