{
  "recall_at_1": 0.6595744680851063,
  "recall_at_3": 0.6808510638297872,
  "recall_at_5": 0.7304964539007093,
  "recall_at_10": 0.8156028368794326,
  "recall_at_20": 0.9432624113475178,
  "recall_at_50": 0.9929078014184397,
  "recall_at_100": 1.0,
  "mrr": 0.7039517594983479,
  "n_queries": 141
}