{
  "recall_at_1": 0.6950354609929078,
  "recall_at_3": 0.7730496453900709,
  "recall_at_5": 0.8439716312056738,
  "recall_at_10": 0.9645390070921985,
  "recall_at_20": 0.9787234042553191,
  "recall_at_50": 0.9929078014184397,
  "recall_at_100": 1.0,
  "mrr": 0.7636086431299197,
  "n_queries": 141
}