{
  "recall_at_1": 0.06382978723404255,
  "recall_at_3": 0.2907801418439716,
  "recall_at_5": 0.3475177304964539,
  "recall_at_10": 0.45390070921985815,
  "recall_at_20": 0.7659574468085106,
  "recall_at_50": 0.9078014184397163,
  "recall_at_100": 0.9858156028368794,
  "mrr": 0.21550268758577096,
  "n_queries": 141
}