{
  "recall_at_1": 0.028368794326241134,
  "recall_at_3": 0.0425531914893617,
  "recall_at_5": 0.0425531914893617,
  "recall_at_10": 0.1276595744680851,
  "recall_at_20": 0.3404255319148936,
  "recall_at_50": 0.5035460992907801,
  "recall_at_100": 0.8439716312056738,
  "mrr": 0.07312319189681302,
  "n_queries": 141
}