{
  "recall_at_1": 0.0070921985815602835,
  "recall_at_3": 0.028368794326241134,
  "recall_at_5": 0.0425531914893617,
  "recall_at_10": 0.07092198581560284,
  "recall_at_20": 0.1773049645390071,
  "recall_at_50": 0.5106382978723404,
  "recall_at_100": 0.8865248226950354,
  "mrr": 0.043339936754698,
  "n_queries": 141
}