{
  "recall_at_1": 0.07092198581560284,
  "recall_at_3": 0.1276595744680851,
  "recall_at_5": 0.20567375886524822,
  "recall_at_10": 0.3191489361702128,
  "recall_at_20": 0.48936170212765956,
  "recall_at_50": 0.6950354609929078,
  "recall_at_100": 0.8936170212765957,
  "mrr": 0.14174120530282586,
  "n_queries": 141
}