{
  "recall_at_1": 0.03546099290780142,
  "recall_at_3": 0.03546099290780142,
  "recall_at_5": 0.09929078014184398,
  "recall_at_10": 0.1702127659574468,
  "recall_at_20": 0.3404255319148936,
  "recall_at_50": 0.40425531914893614,
  "recall_at_100": 0.8723404255319149,
  "mrr": 0.07651672362497353,
  "n_queries": 141
}