{
  "recall_at_1": 0.014184397163120567,
  "recall_at_3": 0.02127659574468085,
  "recall_at_5": 0.028368794326241134,
  "recall_at_10": 0.0851063829787234,
  "recall_at_20": 0.14893617021276595,
  "recall_at_50": 0.48226950354609927,
  "recall_at_100": 0.8085106382978723,
  "mrr": 0.044718473063812755,
  "n_queries": 141
}