{
  "recall_at_1": 0.7375886524822695,
  "recall_at_3": 0.851063829787234,
  "recall_at_5": 0.851063829787234,
  "recall_at_10": 0.8723404255319149,
  "recall_at_20": 0.9858156028368794,
  "recall_at_50": 0.9929078014184397,
  "recall_at_100": 1.0,
  "mrr": 0.8043030403402743,
  "n_queries": 141
}