{
  "recall_at_1": 0.07092198581560284,
  "recall_at_3": 0.1702127659574468,
  "recall_at_5": 0.22695035460992907,
  "recall_at_10": 0.3475177304964539,
  "recall_at_20": 0.5035460992907801,
  "recall_at_50": 0.7872340425531915,
  "recall_at_100": 0.9574468085106383,
  "mrr": 0.16603125004643085,
  "n_queries": 141
}