{
  "recall_at_1": 0.6737588652482269,
  "recall_at_3": 0.7872340425531915,
  "recall_at_5": 0.8439716312056738,
  "recall_at_10": 0.9645390070921985,
  "recall_at_20": 0.9645390070921985,
  "recall_at_50": 0.9929078014184397,
  "recall_at_100": 0.9929078014184397,
  "mrr": 0.7439609681099043,
  "n_queries": 141
}