{
  "recall_at_1": 0.6028368794326241,
  "recall_at_3": 0.6666666666666666,
  "recall_at_5": 0.6737588652482269,
  "recall_at_10": 0.8014184397163121,
  "recall_at_20": 0.8156028368794326,
  "recall_at_50": 0.9787234042553191,
  "recall_at_100": 0.9929078014184397,
  "mrr": 0.6552290339150352,
  "n_queries": 141
}