{
  "recall_at_1": 0.02127659574468085,
  "recall_at_3": 0.05673758865248227,
  "recall_at_5": 0.1276595744680851,
  "recall_at_10": 0.14893617021276595,
  "recall_at_20": 0.2127659574468085,
  "recall_at_50": 0.5035460992907801,
  "recall_at_100": 0.9574468085106383,
  "mrr": 0.06842062626534702,
  "n_queries": 141
}