{
  "recall_at_1": 0.07092198581560284,
  "recall_at_3": 0.15602836879432624,
  "recall_at_5": 0.24822695035460993,
  "recall_at_10": 0.3404255319148936,
  "recall_at_20": 0.524822695035461,
  "recall_at_50": 0.8014184397163121,
  "recall_at_100": 0.9432624113475178,
  "mrr": 0.16432670298038035,
  "n_queries": 141
}