{
  "recall_at_1": 0.6595744680851063,
  "recall_at_3": 0.7659574468085106,
  "recall_at_5": 0.8156028368794326,
  "recall_at_10": 0.9645390070921985,
  "recall_at_20": 0.9787234042553191,
  "recall_at_50": 0.9858156028368794,
  "recall_at_100": 1.0,
  "mrr": 0.730673122492314,
  "n_queries": 141
}