{
  "recall_at_1": 0.4326241134751773,
  "recall_at_3": 0.7163120567375887,
  "recall_at_5": 0.7872340425531915,
  "recall_at_10": 0.9148936170212766,
  "recall_at_20": 0.9574468085106383,
  "recall_at_50": 0.9787234042553191,
  "recall_at_100": 1.0,
  "mrr": 0.5960614254387798,
  "n_queries": 141
}