{
  "recall_at_1": 0.574468085106383,
  "recall_at_3": 0.6808510638297872,
  "recall_at_5": 0.8014184397163121,
  "recall_at_10": 0.9219858156028369,
  "recall_at_20": 0.9787234042553191,
  "recall_at_50": 0.9929078014184397,
  "recall_at_100": 1.0,
  "mrr": 0.6719319751314718,
  "n_queries": 141
}