{
  "recall_at_1": 0.07092198581560284,
  "recall_at_3": 0.1276595744680851,
  "recall_at_5": 0.24113475177304963,
  "recall_at_10": 0.3900709219858156,
  "recall_at_20": 0.49645390070921985,
  "recall_at_50": 0.7375886524822695,
  "recall_at_100": 0.8794326241134752,
  "mrr": 0.15352990193869265,
  "n_queries": 141
}