{
  "recall_at_1": 0.3049645390070922,
  "recall_at_3": 0.48936170212765956,
  "recall_at_5": 0.524822695035461,
  "recall_at_10": 0.7801418439716312,
  "recall_at_20": 0.9361702127659575,
  "recall_at_50": 1.0,
  "recall_at_100": 1.0,
  "mrr": 0.4469742471870131,
  "n_queries": 141
}