{
  "recall_at_1": 0.2978723404255319,
  "recall_at_3": 0.3900709219858156,
  "recall_at_5": 0.475177304964539,
  "recall_at_10": 0.7304964539007093,
  "recall_at_20": 0.8156028368794326,
  "recall_at_50": 1.0,
  "recall_at_100": 1.0,
  "mrr": 0.40541916435505543,
  "n_queries": 141
}