{
  "recall_at_1": 0.07092198581560284,
  "recall_at_3": 0.07092198581560284,
  "recall_at_5": 0.16312056737588654,
  "recall_at_10": 0.28368794326241137,
  "recall_at_20": 0.44680851063829785,
  "recall_at_50": 0.6808510638297872,
  "recall_at_100": 0.9148936170212766,
  "mrr": 0.1320074070777808,
  "n_queries": 141
}