{
  "recall_at_1": 0.028368794326241134,
  "recall_at_3": 0.09219858156028368,
  "recall_at_5": 0.09219858156028368,
  "recall_at_10": 0.19858156028368795,
  "recall_at_20": 0.2978723404255319,
  "recall_at_50": 0.5531914893617021,
  "recall_at_100": 0.6170212765957447,
  "mrr": 0.08153473641723506,
  "n_queries": 141
}