{
  "recall_at_1": 0.6666666666666666,
  "recall_at_3": 0.7304964539007093,
  "recall_at_5": 0.8439716312056738,
  "recall_at_10": 0.8581560283687943,
  "recall_at_20": 0.9787234042553191,
  "recall_at_50": 0.9858156028368794,
  "recall_at_100": 0.9929078014184397,
  "mrr": 0.7247698960866363,
  "n_queries": 141
}