{
  "recall_at_1": 0.07801418439716312,
  "recall_at_3": 0.3262411347517731,
  "recall_at_5": 0.45390070921985815,
  "recall_at_10": 0.574468085106383,
  "recall_at_20": 0.7872340425531915,
  "recall_at_50": 0.9716312056737588,
  "recall_at_100": 1.0,
  "mrr": 0.25362678871589983,
  "n_queries": 141
}