{
  "recall_at_1": 0.06382978723404255,
  "recall_at_3": 0.28368794326241137,
  "recall_at_5": 0.3546099290780142,
  "recall_at_10": 0.48226950354609927,
  "recall_at_20": 0.7588652482269503,
  "recall_at_50": 0.900709219858156,
  "recall_at_100": 0.9929078014184397,
  "mrr": 0.21829554448442334,
  "n_queries": 141
}