{
  "recall_at_1": 0.6595744680851063,
  "recall_at_3": 0.7375886524822695,
  "recall_at_5": 0.75177304964539,
  "recall_at_10": 0.8226950354609929,
  "recall_at_20": 0.9858156028368794,
  "recall_at_50": 0.9929078014184397,
  "recall_at_100": 1.0,
  "mrr": 0.717145174294446,
  "n_queries": 141
}