{
  "recall_at_1": 0.0070921985815602835,
  "recall_at_3": 0.1773049645390071,
  "recall_at_5": 0.3333333333333333,
  "recall_at_10": 0.3546099290780142,
  "recall_at_20": 0.4397163120567376,
  "recall_at_50": 0.6170212765957447,
  "recall_at_100": 0.9219858156028369,
  "mrr": 0.13494586372453574,
  "n_queries": 141
}