{
  "recall_at_1": 0.06382978723404255,
  "recall_at_3": 0.2624113475177305,
  "recall_at_5": 0.3475177304964539,
  "recall_at_10": 0.46099290780141844,
  "recall_at_20": 0.75177304964539,
  "recall_at_50": 0.900709219858156,
  "recall_at_100": 0.9929078014184397,
  "mrr": 0.21152848476052383,
  "n_queries": 141
}