{
  "recall_at_1": 0.02127659574468085,
  "recall_at_3": 0.028368794326241134,
  "recall_at_5": 0.028368794326241134,
  "recall_at_10": 0.03546099290780142,
  "recall_at_20": 0.3546099290780142,
  "recall_at_50": 0.5106382978723404,
  "recall_at_100": 0.8652482269503546,
  "mrr": 0.0561558101976327,
  "n_queries": 141
}