{
  "recall_at_1": 0.3404255319148936,
  "recall_at_3": 0.5673758865248227,
  "recall_at_5": 0.6382978723404256,
  "recall_at_10": 0.7375886524822695,
  "recall_at_20": 0.8226950354609929,
  "recall_at_50": 1.0,
  "recall_at_100": 1.0,
  "mrr": 0.48580237729173903,
  "n_queries": 141
}