{
  "recall_at_1": 0.6382978723404256,
  "recall_at_3": 0.8368794326241135,
  "recall_at_5": 0.8439716312056738,
  "recall_at_10": 0.8652482269503546,
  "recall_at_20": 0.9716312056737588,
  "recall_at_50": 0.9858156028368794,
  "recall_at_100": 0.9929078014184397,
  "mrr": 0.7426412026926784,
  "n_queries": 141
}