{
  "recall_at_1": 0.7304964539007093,
  "recall_at_3": 0.8156028368794326,
  "recall_at_5": 0.851063829787234,
  "recall_at_10": 0.9645390070921985,
  "recall_at_20": 0.9858156028368794,
  "recall_at_50": 0.9929078014184397,
  "recall_at_100": 1.0,
  "mrr": 0.7950489227084971,
  "n_queries": 141
}