{
  "recall_at_1": 0.41843971631205673,
  "recall_at_3": 0.6595744680851063,
  "recall_at_5": 0.7375886524822695,
  "recall_at_10": 0.8652482269503546,
  "recall_at_20": 0.9148936170212766,
  "recall_at_50": 0.9858156028368794,
  "recall_at_100": 1.0,
  "mrr": 0.5633275094207358,
  "n_queries": 141
}