{
  "recall_at_1": 0.2765957446808511,
  "recall_at_3": 0.40425531914893614,
  "recall_at_5": 0.475177304964539,
  "recall_at_10": 0.624113475177305,
  "recall_at_20": 0.8226950354609929,
  "recall_at_50": 0.9858156028368794,
  "recall_at_100": 1.0,
  "mrr": 0.3950323686226488,
  "n_queries": 141
}