{
  "recall_at_1": 0.6170212765957447,
  "recall_at_3": 0.7304964539007093,
  "recall_at_5": 0.7375886524822695,
  "recall_at_10": 0.9645390070921985,
  "recall_at_20": 0.9787234042553191,
  "recall_at_50": 0.9858156028368794,
  "recall_at_100": 1.0,
  "mrr": 0.6966118845932103,
  "n_queries": 141
}