{
  "recall_at_1": 0.6524822695035462,
  "recall_at_3": 0.6879432624113475,
  "recall_at_5": 0.8156028368794326,
  "recall_at_10": 0.9219858156028369,
  "recall_at_20": 0.9787234042553191,
  "recall_at_50": 0.9787234042553191,
  "recall_at_100": 1.0,
  "mrr": 0.7190863037671548,
  "n_queries": 141
}