{
  "recall_at_1": 0.36879432624113473,
  "recall_at_3": 0.48226950354609927,
  "recall_at_5": 0.5390070921985816,
  "recall_at_10": 0.6950354609929078,
  "recall_at_20": 0.7588652482269503,
  "recall_at_50": 0.8794326241134752,
  "recall_at_100": 0.9929078014184397,
  "mrr": 0.4704141751817995,
  "n_queries": 141
}