{
  "recall_at_1": 0.014184397163120567,
  "recall_at_3": 0.02127659574468085,
  "recall_at_5": 0.07092198581560284,
  "recall_at_10": 0.20567375886524822,
  "recall_at_20": 0.2907801418439716,
  "recall_at_50": 0.6170212765957447,
  "recall_at_100": 0.851063829787234,
  "mrr": 0.06776525448072845,
  "n_queries": 141
}