{
  "recall_at_1": 0.06382978723404255,
  "recall_at_3": 0.2907801418439716,
  "recall_at_5": 0.36879432624113473,
  "recall_at_10": 0.48936170212765956,
  "recall_at_20": 0.7801418439716312,
  "recall_at_50": 0.9078014184397163,
  "recall_at_100": 0.9929078014184397,
  "mrr": 0.21960326782773604,
  "n_queries": 141
}