{
  "recall_at_1": 0.07092198581560284,
  "recall_at_3": 0.19148936170212766,
  "recall_at_5": 0.24113475177304963,
  "recall_at_10": 0.40425531914893614,
  "recall_at_20": 0.5177304964539007,
  "recall_at_50": 0.723404255319149,
  "recall_at_100": 0.9290780141843972,
  "mrr": 0.16861165892291569,
  "n_queries": 141
}