{
  "recall_at_1": 0.07092198581560284,
  "recall_at_3": 0.07092198581560284,
  "recall_at_5": 0.1702127659574468,
  "recall_at_10": 0.3475177304964539,
  "recall_at_20": 0.46099290780141844,
  "recall_at_50": 0.7163120567375887,
  "recall_at_100": 0.8936170212765957,
  "mrr": 0.13676082199644185,
  "n_queries": 141
}