{
  "recall_at_1": 0.2765957446808511,
  "recall_at_3": 0.40425531914893614,
  "recall_at_5": 0.5673758865248227,
  "recall_at_10": 0.7375886524822695,
  "recall_at_20": 0.8226950354609929,
  "recall_at_50": 0.9929078014184397,
  "recall_at_100": 1.0,
  "mrr": 0.40272719712465127,
  "n_queries": 141
}