{
  "recall_at_1": 0.6595744680851063,
  "recall_at_3": 0.7092198581560284,
  "recall_at_5": 0.8297872340425532,
  "recall_at_10": 0.8581560283687943,
  "recall_at_20": 0.9858156028368794,
  "recall_at_50": 0.9929078014184397,
  "recall_at_100": 1.0,
  "mrr": 0.7191749770697139,
  "n_queries": 141
}