{
  "recall_at_1": 0.0,
  "recall_at_3": 0.1347517730496454,
  "recall_at_5": 0.19858156028368795,
  "recall_at_10": 0.3333333333333333,
  "recall_at_20": 0.48226950354609927,
  "recall_at_50": 0.7375886524822695,
  "recall_at_100": 0.8936170212765957,
  "mrr": 0.11082604808848112,
  "n_queries": 141
}