{
  "recall_at_1": 0.6312056737588653,
  "recall_at_3": 0.6737588652482269,
  "recall_at_5": 0.8085106382978723,
  "recall_at_10": 0.8156028368794326,
  "recall_at_20": 0.9361702127659575,
  "recall_at_50": 0.9929078014184397,
  "recall_at_100": 1.0,
  "mrr": 0.6895477578339444,
  "n_queries": 141
}