{
  "recall_at_1": 0.02127659574468085,
  "recall_at_3": 0.028368794326241134,
  "recall_at_5": 0.03546099290780142,
  "recall_at_10": 0.19148936170212766,
  "recall_at_20": 0.2978723404255319,
  "recall_at_50": 0.5460992907801419,
  "recall_at_100": 0.9078014184397163,
  "mrr": 0.06620652842168419,
  "n_queries": 141
}