{
  "recall_at_1": 0.45390070921985815,
  "recall_at_3": 0.6950354609929078,
  "recall_at_5": 0.7801418439716312,
  "recall_at_10": 0.9574468085106383,
  "recall_at_20": 0.9787234042553191,
  "recall_at_50": 1.0,
  "recall_at_100": 1.0,
  "mrr": 0.6095334465901843,
  "n_queries": 141
}