{
  "recall_at_1": 0.7021276595744681,
  "recall_at_3": 0.8581560283687943,
  "recall_at_5": 0.8652482269503546,
  "recall_at_10": 0.9787234042553191,
  "recall_at_20": 0.9858156028368794,
  "recall_at_50": 0.9929078014184397,
  "recall_at_100": 0.9929078014184397,
  "mrr": 0.784008677852736,
  "n_queries": 141
}