{
  "recall_at_1": 0.7375886524822695,
  "recall_at_3": 0.8439716312056738,
  "recall_at_5": 0.8652482269503546,
  "recall_at_10": 0.8723404255319149,
  "recall_at_20": 0.9787234042553191,
  "recall_at_50": 0.9929078014184397,
  "recall_at_100": 0.9929078014184397,
  "mrr": 0.8027019045479621,
  "n_queries": 141
}