{
  "recall_at_1": 0.6879432624113475,
  "recall_at_3": 0.8439716312056738,
  "recall_at_5": 0.8652482269503546,
  "recall_at_10": 0.9858156028368794,
  "recall_at_20": 0.9858156028368794,
  "recall_at_50": 0.9929078014184397,
  "recall_at_100": 1.0,
  "mrr": 0.7707793298306029,
  "n_queries": 141
}