{
  "recall_at_1": 0.3900709219858156,
  "recall_at_3": 0.6382978723404256,
  "recall_at_5": 0.723404255319149,
  "recall_at_10": 0.8226950354609929,
  "recall_at_20": 0.8936170212765957,
  "recall_at_50": 0.9716312056737588,
  "recall_at_100": 1.0,
  "mrr": 0.5454439008639606,
  "n_queries": 141
}