{
  "recall_at_1": 0.375886524822695,
  "recall_at_3": 0.5815602836879432,
  "recall_at_5": 0.6312056737588653,
  "recall_at_10": 0.75177304964539,
  "recall_at_20": 0.8794326241134752,
  "recall_at_50": 1.0,
  "recall_at_100": 1.0,
  "mrr": 0.5077297800702055,
  "n_queries": 141
}