{
  "recall_at_1": 0.07092198581560284,
  "recall_at_3": 0.1347517730496454,
  "recall_at_5": 0.2127659574468085,
  "recall_at_10": 0.3333333333333333,
  "recall_at_20": 0.5177304964539007,
  "recall_at_50": 0.7872340425531915,
  "recall_at_100": 0.9574468085106383,
  "mrr": 0.1608844149419618,
  "n_queries": 141
}