{
  "recall_at_1": 0.0070921985815602835,
  "recall_at_3": 0.02127659574468085,
  "recall_at_5": 0.02127659574468085,
  "recall_at_10": 0.04964539007092199,
  "recall_at_20": 0.16312056737588654,
  "recall_at_50": 0.48936170212765956,
  "recall_at_100": 0.8865248226950354,
  "mrr": 0.03945493716760129,
  "n_queries": 141
}