{
  "recall_at_1": 0.07801418439716312,
  "recall_at_3": 0.14184397163120568,
  "recall_at_5": 0.24822695035460993,
  "recall_at_10": 0.3546099290780142,
  "recall_at_20": 0.5035460992907801,
  "recall_at_50": 0.7943262411347518,
  "recall_at_100": 0.950354609929078,
  "mrr": 0.16740912517815454,
  "n_queries": 141
}