{
  "recall_at_1": 0.2907801418439716,
  "recall_at_3": 0.524822695035461,
  "recall_at_5": 0.624113475177305,
  "recall_at_10": 0.7659574468085106,
  "recall_at_20": 0.8439716312056738,
  "recall_at_50": 0.9290780141843972,
  "recall_at_100": 0.9929078014184397,
  "mrr": 0.44683675763015246,
  "n_queries": 141
}