{
  "recall_at_1": 0.07092198581560284,
  "recall_at_3": 0.1276595744680851,
  "recall_at_5": 0.15602836879432624,
  "recall_at_10": 0.41134751773049644,
  "recall_at_20": 0.6170212765957447,
  "recall_at_50": 0.7375886524822695,
  "recall_at_100": 0.9078014184397163,
  "mrr": 0.15450408651322264,
  "n_queries": 141
}