{
  "recall_at_1": 0.3049645390070922,
  "recall_at_3": 0.425531914893617,
  "recall_at_5": 0.6666666666666666,
  "recall_at_10": 0.8226950354609929,
  "recall_at_20": 0.8794326241134752,
  "recall_at_50": 1.0,
  "recall_at_100": 1.0,
  "mrr": 0.4460978854075488,
  "n_queries": 141
}