{
  "recall_at_1": 0.07092198581560284,
  "recall_at_3": 0.14184397163120568,
  "recall_at_5": 0.15602836879432624,
  "recall_at_10": 0.3475177304964539,
  "recall_at_20": 0.5177304964539007,
  "recall_at_50": 0.7375886524822695,
  "recall_at_100": 0.8794326241134752,
  "mrr": 0.15549356696142858,
  "n_queries": 141
}