{
  "recall_at_1": 0.3900709219858156,
  "recall_at_3": 0.6099290780141844,
  "recall_at_5": 0.7446808510638298,
  "recall_at_10": 0.8439716312056738,
  "recall_at_20": 0.9432624113475178,
  "recall_at_50": 1.0,
  "recall_at_100": 1.0,
  "mrr": 0.5442576919066213,
  "n_queries": 141
}