{
  "recall_at_1": 0.11347517730496454,
  "recall_at_3": 0.1276595744680851,
  "recall_at_5": 0.15602836879432624,
  "recall_at_10": 0.1702127659574468,
  "recall_at_20": 0.3971631205673759,
  "recall_at_50": 0.7304964539007093,
  "recall_at_100": 0.9148936170212766,
  "mrr": 0.1561590135183549,
  "n_queries": 141
}