{
  "recall_at_1": 0.2907801418439716,
  "recall_at_3": 0.46808510638297873,
  "recall_at_5": 0.5886524822695035,
  "recall_at_10": 0.6808510638297872,
  "recall_at_20": 0.7659574468085106,
  "recall_at_50": 0.8865248226950354,
  "recall_at_100": 1.0,
  "mrr": 0.428728123527291,
  "n_queries": 141
}