{
  "recall_at_1": 0.49645390070921985,
  "recall_at_3": 0.7304964539007093,
  "recall_at_5": 0.8439716312056738,
  "recall_at_10": 0.950354609929078,
  "recall_at_20": 0.9787234042553191,
  "recall_at_50": 1.0,
  "recall_at_100": 1.0,
  "mrr": 0.6530630941532154,
  "n_queries": 141
}