{
  "recall_at_1": 0.07092198581560284,
  "recall_at_3": 0.1276595744680851,
  "recall_at_5": 0.18439716312056736,
  "recall_at_10": 0.3262411347517731,
  "recall_at_20": 0.48936170212765956,
  "recall_at_50": 0.7375886524822695,
  "recall_at_100": 0.900709219858156,
  "mrr": 0.14607235670451352,
  "n_queries": 141
}