{
  "recall_at_1": 0.0,
  "recall_at_3": 0.1276595744680851,
  "recall_at_5": 0.22695035460992907,
  "recall_at_10": 0.2907801418439716,
  "recall_at_20": 0.48226950354609927,
  "recall_at_50": 0.723404255319149,
  "recall_at_100": 0.8936170212765957,
  "mrr": 0.10963967912579832,
  "n_queries": 141
}