{
  "recall_at_1": 0.07092198581560284,
  "recall_at_3": 0.1276595744680851,
  "recall_at_5": 0.2127659574468085,
  "recall_at_10": 0.3333333333333333,
  "recall_at_20": 0.5035460992907801,
  "recall_at_50": 0.7304964539007093,
  "recall_at_100": 0.9148936170212766,
  "mrr": 0.15603110174372917,
  "n_queries": 141
}