{
  "recall_at_1": 0.7163120567375887,
  "recall_at_3": 0.8156028368794326,
  "recall_at_5": 0.8439716312056738,
  "recall_at_10": 0.9716312056737588,
  "recall_at_20": 0.9858156028368794,
  "recall_at_50": 0.9929078014184397,
  "recall_at_100": 1.0,
  "mrr": 0.789794440352093,
  "n_queries": 141
}