{
  "recall_at_1": 0.014184397163120567,
  "recall_at_3": 0.03546099290780142,
  "recall_at_5": 0.07092198581560284,
  "recall_at_10": 0.2198581560283688,
  "recall_at_20": 0.36879432624113473,
  "recall_at_50": 0.5106382978723404,
  "recall_at_100": 0.9432624113475178,
  "mrr": 0.06993049521855724,
  "n_queries": 141
}