{
  "recall_at_1": 0.07092198581560284,
  "recall_at_3": 0.1276595744680851,
  "recall_at_5": 0.2198581560283688,
  "recall_at_10": 0.3971631205673759,
  "recall_at_20": 0.48936170212765956,
  "recall_at_50": 0.7446808510638298,
  "recall_at_100": 0.8865248226950354,
  "mrr": 0.14662417610985273,
  "n_queries": 141
}