{
  "recall_at_1": 0.0851063829787234,
  "recall_at_3": 0.3262411347517731,
  "recall_at_5": 0.4326241134751773,
  "recall_at_10": 0.5957446808510638,
  "recall_at_20": 0.7801418439716312,
  "recall_at_50": 0.9716312056737588,
  "recall_at_100": 1.0,
  "mrr": 0.25856211082648517,
  "n_queries": 141
}