{
  "recall_at_1": 0.6312056737588653,
  "recall_at_3": 0.6808510638297872,
  "recall_at_5": 0.7304964539007093,
  "recall_at_10": 0.9716312056737588,
  "recall_at_20": 0.9787234042553191,
  "recall_at_50": 0.9858156028368794,
  "recall_at_100": 0.9929078014184397,
  "mrr": 0.696960838117753,
  "n_queries": 141
}