{
  "recall_at_1": 0.07092198581560284,
  "recall_at_3": 0.18439716312056736,
  "recall_at_5": 0.22695035460992907,
  "recall_at_10": 0.41134751773049644,
  "recall_at_20": 0.5106382978723404,
  "recall_at_50": 0.7446808510638298,
  "recall_at_100": 0.8865248226950354,
  "mrr": 0.1772451105657532,
  "n_queries": 141
}