{
  "recall_at_1": 0.3829787234042553,
  "recall_at_3": 0.6028368794326241,
  "recall_at_5": 0.7659574468085106,
  "recall_at_10": 0.900709219858156,
  "recall_at_20": 0.9716312056737588,
  "recall_at_50": 1.0,
  "recall_at_100": 1.0,
  "mrr": 0.5413609925666664,
  "n_queries": 141
}