{
  "recall_at_1": 0.3617021276595745,
  "recall_at_3": 0.6524822695035462,
  "recall_at_5": 0.7588652482269503,
  "recall_at_10": 0.8652482269503546,
  "recall_at_20": 0.9716312056737588,
  "recall_at_50": 1.0,
  "recall_at_100": 1.0,
  "mrr": 0.5414569837954673,
  "n_queries": 141
}