{
  "recall_at_1": 0.425531914893617,
  "recall_at_3": 0.6737588652482269,
  "recall_at_5": 0.7730496453900709,
  "recall_at_10": 0.8865248226950354,
  "recall_at_20": 0.9219858156028369,
  "recall_at_50": 0.9858156028368794,
  "recall_at_100": 1.0,
  "mrr": 0.5800874621727199,
  "n_queries": 141
}