{
  "recall_at_1": 0.07092198581560284,
  "recall_at_3": 0.1276595744680851,
  "recall_at_5": 0.15602836879432624,
  "recall_at_10": 0.3191489361702128,
  "recall_at_20": 0.48226950354609927,
  "recall_at_50": 0.7446808510638298,
  "recall_at_100": 0.9078014184397163,
  "mrr": 0.13703153341138455,
  "n_queries": 141
}