{
  "recall_at_1": 0.02127659574468085,
  "recall_at_3": 0.028368794326241134,
  "recall_at_5": 0.03546099290780142,
  "recall_at_10": 0.06382978723404255,
  "recall_at_20": 0.18439716312056736,
  "recall_at_50": 0.45390070921985815,
  "recall_at_100": 0.9361702127659575,
  "mrr": 0.05511757379434657,
  "n_queries": 141
}