{
  "recall_at_1": 0.3829787234042553,
  "recall_at_3": 0.5531914893617021,
  "recall_at_5": 0.574468085106383,
  "recall_at_10": 0.723404255319149,
  "recall_at_20": 0.8723404255319149,
  "recall_at_50": 0.8936170212765957,
  "recall_at_100": 1.0,
  "mrr": 0.49300971681445954,
  "n_queries": 141
}