{
  "recall_at_1": 0.6595744680851063,
  "recall_at_3": 0.6666666666666666,
  "recall_at_5": 0.7943262411347518,
  "recall_at_10": 0.9148936170212766,
  "recall_at_20": 0.9361702127659575,
  "recall_at_50": 0.9929078014184397,
  "recall_at_100": 1.0,
  "mrr": 0.7119123231821103,
  "n_queries": 141
}