{
  "recall_at_1": 0.6524822695035462,
  "recall_at_3": 0.7375886524822695,
  "recall_at_5": 0.75177304964539,
  "recall_at_10": 0.9219858156028369,
  "recall_at_20": 0.9787234042553191,
  "recall_at_50": 0.9858156028368794,
  "recall_at_100": 0.9929078014184397,
  "mrr": 0.7190311088687349,
  "n_queries": 141
}