{
  "recall_at_1": 0.07092198581560284,
  "recall_at_3": 0.1276595744680851,
  "recall_at_5": 0.14893617021276595,
  "recall_at_10": 0.3829787234042553,
  "recall_at_20": 0.5106382978723404,
  "recall_at_50": 0.7304964539007093,
  "recall_at_100": 0.8723404255319149,
  "mrr": 0.15052194867704766,
  "n_queries": 141
}