{
  "recall_at_1": 0.07092198581560284,
  "recall_at_3": 0.1347517730496454,
  "recall_at_5": 0.2127659574468085,
  "recall_at_10": 0.41134751773049644,
  "recall_at_20": 0.624113475177305,
  "recall_at_50": 0.7375886524822695,
  "recall_at_100": 0.8794326241134752,
  "mrr": 0.15970370517230734,
  "n_queries": 141
}