{
  "recall_at_1": 0.624113475177305,
  "recall_at_3": 0.6879432624113475,
  "recall_at_5": 0.8085106382978723,
  "recall_at_10": 0.8368794326241135,
  "recall_at_20": 0.9787234042553191,
  "recall_at_50": 0.9929078014184397,
  "recall_at_100": 1.0,
  "mrr": 0.6894289526145173,
  "n_queries": 141
}