{
  "recall_at_1": 0.04964539007092199,
  "recall_at_3": 0.2765957446808511,
  "recall_at_5": 0.375886524822695,
  "recall_at_10": 0.524822695035461,
  "recall_at_20": 0.7659574468085106,
  "recall_at_50": 0.9219858156028369,
  "recall_at_100": 0.9929078014184397,
  "mrr": 0.2108543736195499,
  "n_queries": 141
}