{
  "recall_at_1": 0.09929078014184398,
  "recall_at_3": 0.3404255319148936,
  "recall_at_5": 0.4326241134751773,
  "recall_at_10": 0.5319148936170213,
  "recall_at_20": 0.8156028368794326,
  "recall_at_50": 0.9787234042553191,
  "recall_at_100": 1.0,
  "mrr": 0.26642526349129664,
  "n_queries": 141
}