{
  "recall_at_1": 0.014184397163120567,
  "recall_at_3": 0.028368794326241134,
  "recall_at_5": 0.0425531914893617,
  "recall_at_10": 0.07801418439716312,
  "recall_at_20": 0.20567375886524822,
  "recall_at_50": 0.49645390070921985,
  "recall_at_100": 0.8794326241134752,
  "mrr": 0.05560807564625906,
  "n_queries": 141
}