{
  "recall_at_1": 0.02127659574468085,
  "recall_at_3": 0.03546099290780142,
  "recall_at_5": 0.07092198581560284,
  "recall_at_10": 0.07092198581560284,
  "recall_at_20": 0.3262411347517731,
  "recall_at_50": 0.5177304964539007,
  "recall_at_100": 0.851063829787234,
  "mrr": 0.06191280274445385,
  "n_queries": 141
}